Campaign,Ad group,Keyword,Match type,Max CPC,Status,Final URL,Campaign budget,Campaign status
VCX - Private - Immigration,USCIS packet review,immigration packet review,Exact,3.50,Enabled,https://vitacorexllc.com/private-intake-immigration.html,20.00,Paused
VCX - Private - Immigration,USCIS packet review,uscis packet help,Exact,3.50,Enabled,,,
VCX - Private - Immigration,USCIS packet review,uscis documentation help,Exact,3.50,Enabled,,,
VCX - Private - Immigration,USCIS packet review,immigration paperwork help,Exact,3.50,Enabled,,,
VCX - Private - Immigration,USCIS packet review,immigration packet review,Phrase,3.00,Enabled,,,
VCX - Private - Immigration,USCIS packet review,uscis packet review,Phrase,3.00,Enabled,,,
VCX - Private - Immigration,USCIS packet review,help with uscis packet,Phrase,3.00,Enabled,,,
VCX - Private - Immigration,USCIS packet review,immigration document review,Phrase,3.00,Enabled,,,
VCX - Private - Immigration,USCIS packet review,immigration paperwork help,Phrase,3.00,Enabled,,,
VCX - Private - Immigration,USCIS packet review,organize immigration documents,Phrase,3.00,Enabled,,,
VCX - Private - Immigration,USCIS packet review,immigration document organizer,Phrase,3.00,Enabled,,,
VCX - Private - Immigration,USCIS packet review,bilingual immigration paperwork,Phrase,3.00,Enabled,,,
VCX - Private - Immigration,I-130 family petition,i-130 packet review,Exact,4.00,Enabled,,,
VCX - Private - Immigration,I-130 family petition,i-130 help,Exact,4.00,Enabled,,,
VCX - Private - Immigration,I-130 family petition,family petition help,Exact,4.00,Enabled,,,
VCX - Private - Immigration,I-130 family petition,i-130 packet review,Phrase,3.50,Enabled,,,
VCX - Private - Immigration,I-130 family petition,i-130 paperwork help,Phrase,3.50,Enabled,,,
VCX - Private - Immigration,I-130 family petition,i-130 documentation,Phrase,3.50,Enabled,,,
VCX - Private - Immigration,I-130 family petition,family petition packet,Phrase,3.50,Enabled,,,
VCX - Private - Immigration,I-130 family petition,help with i-130,Phrase,3.50,Enabled,,,
VCX - Private - Immigration,I-130 family petition,i-130 supporting documents,Phrase,3.50,Enabled,,,
VCX - Private - Immigration,I-130 family petition,i-130 evidence organization,Phrase,3.50,Enabled,,,
VCX - Private - Immigration,I-485 adjustment status,i-485 packet review,Exact,4.50,Enabled,,,
VCX - Private - Immigration,I-485 adjustment status,green card packet help,Exact,4.50,Enabled,,,
VCX - Private - Immigration,I-485 adjustment status,adjustment of status help,Exact,4.50,Enabled,,,
VCX - Private - Immigration,I-485 adjustment status,i-485 packet help,Phrase,4.00,Enabled,,,
VCX - Private - Immigration,I-485 adjustment status,i-485 supporting documents,Phrase,4.00,Enabled,,,
VCX - Private - Immigration,I-485 adjustment status,green card paperwork review,Phrase,4.00,Enabled,,,
VCX - Private - Immigration,I-485 adjustment status,adjustment of status documentation,Phrase,4.00,Enabled,,,
VCX - Private - Immigration,I-485 adjustment status,green card packet organization,Phrase,4.00,Enabled,,,
VCX - Private - Immigration,I-485 adjustment status,i-485 affidavit help,Phrase,4.00,Enabled,,,
VCX - Private - Immigration,I-485 adjustment status,medical exam for i-485,Phrase,4.00,Enabled,,,
VCX - Private - Immigration,N-400 naturalization,n-400 packet review,Exact,4.00,Enabled,,,
VCX - Private - Immigration,N-400 naturalization,naturalization packet help,Exact,4.00,Enabled,,,
VCX - Private - Immigration,N-400 naturalization,citizenship application help,Exact,4.00,Enabled,,,
VCX - Private - Immigration,N-400 naturalization,n-400 packet review,Phrase,3.50,Enabled,,,
VCX - Private - Immigration,N-400 naturalization,n-400 documentation,Phrase,3.50,Enabled,,,
VCX - Private - Immigration,N-400 naturalization,naturalization packet help,Phrase,3.50,Enabled,,,
VCX - Private - Immigration,N-400 naturalization,citizenship application packet,Phrase,3.50,Enabled,,,
VCX - Private - Immigration,N-400 naturalization,n-400 evidence,Phrase,3.50,Enabled,,,
VCX - Private - Immigration,Work visa documentation,h-1b documentation help,Exact,5.00,Enabled,,,
VCX - Private - Immigration,Work visa documentation,o-1 packet review,Exact,5.00,Enabled,,,
VCX - Private - Immigration,Work visa documentation,l-1 visa paperwork,Exact,5.00,Enabled,,,
VCX - Private - Immigration,Work visa documentation,h-1b supporting documents,Phrase,4.50,Enabled,,,
VCX - Private - Immigration,Work visa documentation,o-1 evidence packet,Phrase,4.50,Enabled,,,
VCX - Private - Immigration,Work visa documentation,l-1 documentation help,Phrase,4.50,Enabled,,,
VCX - Private - Immigration,Work visa documentation,work visa packet review,Phrase,4.50,Enabled,,,
VCX - Private - Immigration,Work visa documentation,employment-based visa documentation,Phrase,4.50,Enabled,,,
VCX - Private - Immigration,Certified translations,certified immigration translations,Exact,3.00,Enabled,,,
VCX - Private - Immigration,Certified translations,uscis certified translation,Exact,3.00,Enabled,,,
VCX - Private - Immigration,Certified translations,certified translation for uscis,Phrase,2.50,Enabled,,,
VCX - Private - Immigration,Certified translations,certified translation i-130,Phrase,2.50,Enabled,,,
VCX - Private - Immigration,Certified translations,russian english translation uscis,Phrase,2.50,Enabled,,,
VCX - Private - Immigration,Certified translations,spanish english translation uscis,Phrase,2.50,Enabled,,,
VCX - Private - Immigration,Certified translations,immigration document translation,Phrase,2.50,Enabled,,,
VCX - Private - Business Setup,LLC formation generic,llc formation service,Exact,5.00,Enabled,https://vitacorexllc.com/private-intake-business.html,20.00,Paused
VCX - Private - Business Setup,LLC formation generic,form an llc,Exact,5.00,Enabled,,,
VCX - Private - Business Setup,LLC formation generic,open an llc,Exact,5.00,Enabled,,,
VCX - Private - Business Setup,LLC formation generic,start an llc online,Exact,5.00,Enabled,,,
VCX - Private - Business Setup,LLC formation generic,llc formation help,Phrase,4.50,Enabled,,,
VCX - Private - Business Setup,LLC formation generic,llc formation service,Phrase,4.50,Enabled,,,
VCX - Private - Business Setup,LLC formation generic,start an llc in florida,Phrase,4.50,Enabled,,,
VCX - Private - Business Setup,LLC formation generic,start an llc in delaware,Phrase,4.50,Enabled,,,
VCX - Private - Business Setup,LLC formation generic,start an llc in wyoming,Phrase,4.50,Enabled,,,
VCX - Private - Business Setup,LLC formation generic,how to form an llc,Phrase,4.00,Enabled,,,
VCX - Private - Business Setup,LLC formation generic,register an llc for me,Phrase,4.50,Enabled,,,
VCX - Private - Business Setup,LLC formation generic,llc formation bilingual,Phrase,4.00,Enabled,,,
VCX - Private - Business Setup,Non-resident LLC,llc for non-us residents,Exact,6.00,Enabled,,,
VCX - Private - Business Setup,Non-resident LLC,form us llc from abroad,Exact,6.00,Enabled,,,
VCX - Private - Business Setup,Non-resident LLC,us llc for foreigners,Exact,6.00,Enabled,,,
VCX - Private - Business Setup,Non-resident LLC,open us llc from abroad,Phrase,5.50,Enabled,,,
VCX - Private - Business Setup,Non-resident LLC,llc for non-resident,Phrase,5.50,Enabled,,,
VCX - Private - Business Setup,Non-resident LLC,us llc for non-citizen,Phrase,5.50,Enabled,,,
VCX - Private - Business Setup,Non-resident LLC,us llc without ssn,Phrase,5.50,Enabled,,,
VCX - Private - Business Setup,Non-resident LLC,us company for foreigner,Phrase,5.50,Enabled,,,
VCX - Private - Business Setup,Non-resident LLC,form us llc non-resident,Phrase,5.50,Enabled,,,
VCX - Private - Business Setup,Non-resident LLC,bank account for non-resident llc,Phrase,5.50,Enabled,,,
VCX - Private - Business Setup,EIN application,ein application help,Exact,3.50,Enabled,,,
VCX - Private - Business Setup,EIN application,get ein for llc,Exact,3.50,Enabled,,,
VCX - Private - Business Setup,EIN application,ein for non-resident,Exact,3.50,Enabled,,,
VCX - Private - Business Setup,EIN application,ein application help,Phrase,3.00,Enabled,,,
VCX - Private - Business Setup,EIN application,ein for non-resident,Phrase,3.00,Enabled,,,
VCX - Private - Business Setup,EIN application,ein for foreign-owned llc,Phrase,3.00,Enabled,,,
VCX - Private - Business Setup,EIN application,apply for ein online,Phrase,3.00,Enabled,,,
VCX - Private - Business Setup,EIN application,ein without ssn,Phrase,3.00,Enabled,,,
VCX - Private - Business Setup,EIN application,federal tax id for llc,Phrase,3.00,Enabled,,,
VCX - Private - Business Setup,Turnkey package,turnkey llc setup,Exact,5.50,Enabled,,,
VCX - Private - Business Setup,Turnkey package,full llc package,Exact,5.50,Enabled,,,
VCX - Private - Business Setup,Turnkey package,complete business setup us,Exact,5.50,Enabled,,,
VCX - Private - Business Setup,Turnkey package,turnkey llc formation,Phrase,5.00,Enabled,,,
VCX - Private - Business Setup,Turnkey package,llc ein registered agent package,Phrase,5.00,Enabled,,,
VCX - Private - Business Setup,Turnkey package,all-in-one llc setup,Phrase,5.00,Enabled,,,
VCX - Private - Business Setup,Turnkey package,bank-ready llc package,Phrase,5.00,Enabled,,,
VCX - Private - Business Setup,Turnkey package,mercury ready llc setup,Phrase,5.00,Enabled,,,
VCX - Private - Business Setup,OA and agent,operating agreement help,Exact,3.50,Enabled,,,
VCX - Private - Business Setup,OA and agent,florida registered agent,Exact,3.50,Enabled,,,
VCX - Private - Business Setup,OA and agent,operating agreement drafting,Phrase,3.00,Enabled,,,
VCX - Private - Business Setup,OA and agent,operating agreement template,Phrase,3.00,Enabled,,,
VCX - Private - Business Setup,OA and agent,registered agent florida,Phrase,3.00,Enabled,,,
VCX - Private - Business Setup,OA and agent,registered agent service,Phrase,3.00,Enabled,,,
VCX - Private - Business Setup,OA and agent,multi-member operating agreement,Phrase,3.00,Enabled,,,
VCX - Private - Business Setup,State specific,llc formation florida,Exact,5.00,Enabled,,,
VCX - Private - Business Setup,State specific,llc formation delaware,Exact,5.00,Enabled,,,
VCX - Private - Business Setup,State specific,llc formation wyoming,Exact,5.00,Enabled,,,
VCX - Private - Business Setup,State specific,form llc in florida,Phrase,4.50,Enabled,,,
VCX - Private - Business Setup,State specific,florida llc setup,Phrase,4.50,Enabled,,,
VCX - Private - Business Setup,State specific,delaware llc formation,Phrase,4.50,Enabled,,,
VCX - Private - Business Setup,State specific,wyoming llc formation,Phrase,4.50,Enabled,,,
VCX - Private - Business Setup,State specific,cheapest state to form llc,Phrase,4.00,Enabled,,,
VCX - Private - Auto Purchase,Dealer contract review,car dealer contract review,Exact,3.00,Enabled,https://vitacorexllc.com/private-intake-auto.html,20.00,Paused
VCX - Private - Auto Purchase,Dealer contract review,auto purchase contract review,Exact,3.00,Enabled,,,
VCX - Private - Auto Purchase,Dealer contract review,used car contract review,Exact,3.00,Enabled,,,
VCX - Private - Auto Purchase,Dealer contract review,dealer contract review,Phrase,2.50,Enabled,,,
VCX - Private - Auto Purchase,Dealer contract review,auto buyer's order review,Phrase,2.50,Enabled,,,
VCX - Private - Auto Purchase,Dealer contract review,used car paperwork review,Phrase,2.50,Enabled,,,
VCX - Private - Auto Purchase,Dealer contract review,review car purchase contract,Phrase,2.50,Enabled,,,
VCX - Private - Auto Purchase,Dealer contract review,car finance contract review,Phrase,2.50,Enabled,,,
VCX - Private - Auto Purchase,Dealer contract review,car loan contract check,Phrase,2.50,Enabled,,,
VCX - Private - Auto Purchase,Dealer contract review,contract review before signing car,Phrase,2.50,Enabled,,,
VCX - Private - Auto Purchase,Hidden fees,dealer hidden fees,Exact,2.80,Enabled,,,
VCX - Private - Auto Purchase,Hidden fees,dealer fee review,Exact,2.80,Enabled,,,
VCX - Private - Auto Purchase,Hidden fees,dealer doc fee review,Exact,2.80,Enabled,,,
VCX - Private - Auto Purchase,Hidden fees,dealer hidden fees,Phrase,2.50,Enabled,,,
VCX - Private - Auto Purchase,Hidden fees,are dealer fees legal,Phrase,2.50,Enabled,,,
VCX - Private - Auto Purchase,Hidden fees,dealer markup review,Phrase,2.50,Enabled,,,
VCX - Private - Auto Purchase,Hidden fees,dealer add-ons review,Phrase,2.50,Enabled,,,
VCX - Private - Auto Purchase,Hidden fees,dealer fee check,Phrase,2.50,Enabled,,,
VCX - Private - Auto Purchase,Hidden fees,what are dealer fees for,Phrase,2.20,Enabled,,,
VCX - Private - Auto Purchase,Hidden fees,dealer fee audit,Phrase,2.50,Enabled,,,
VCX - Private - Auto Purchase,GAP warranty addons,gap insurance review,Exact,2.50,Enabled,,,
VCX - Private - Auto Purchase,GAP warranty addons,extended warranty review,Exact,2.50,Enabled,,,
VCX - Private - Auto Purchase,GAP warranty addons,dealer add-on review,Exact,2.50,Enabled,,,
VCX - Private - Auto Purchase,GAP warranty addons,gap insurance worth it,Phrase,2.20,Enabled,,,
VCX - Private - Auto Purchase,GAP warranty addons,extended warranty review,Phrase,2.20,Enabled,,,
VCX - Private - Auto Purchase,GAP warranty addons,dealer add-on audit,Phrase,2.20,Enabled,,,
VCX - Private - Auto Purchase,GAP warranty addons,cancel gap insurance,Phrase,2.20,Enabled,,,
VCX - Private - Auto Purchase,GAP warranty addons,cancel extended warranty,Phrase,2.20,Enabled,,,
VCX - Private - Auto Purchase,GAP warranty addons,dealer service contract review,Phrase,2.20,Enabled,,,
VCX - Private - Auto Purchase,GAP warranty addons,tire and wheel protection review,Phrase,2.00,Enabled,,,
VCX - Private - Auto Purchase,Post-signing problems,dealer ripped me off,Exact,3.00,Enabled,,,
VCX - Private - Auto Purchase,Post-signing problems,cancel car deal,Exact,3.00,Enabled,,,
VCX - Private - Auto Purchase,Post-signing problems,unwind car purchase,Exact,3.00,Enabled,,,
VCX - Private - Auto Purchase,Post-signing problems,can i cancel car purchase,Phrase,2.80,Enabled,,,
VCX - Private - Auto Purchase,Post-signing problems,dealer fraud help,Phrase,2.80,Enabled,,,
VCX - Private - Auto Purchase,Post-signing problems,dealer deception review,Phrase,2.80,Enabled,,,
VCX - Private - Auto Purchase,Post-signing problems,buyer's remorse car,Phrase,2.50,Enabled,,,
VCX - Private - Auto Purchase,Post-signing problems,how to unwind car deal,Phrase,2.80,Enabled,,,
VCX - Private - Auto Purchase,Post-signing problems,dealer misrepresentation,Phrase,2.80,Enabled,,,
VCX - Private - Auto Purchase,Pre-purchase help,help buying a used car,Exact,2.50,Enabled,,,
VCX - Private - Auto Purchase,Pre-purchase help,before signing car papers,Exact,2.50,Enabled,,,
VCX - Private - Auto Purchase,Pre-purchase help,car buying help,Exact,2.50,Enabled,,,
VCX - Private - Auto Purchase,Pre-purchase help,help negotiating car price,Phrase,2.20,Enabled,,,
VCX - Private - Auto Purchase,Pre-purchase help,what to check before signing car contract,Phrase,2.20,Enabled,,,
VCX - Private - Auto Purchase,Pre-purchase help,car buying advice,Phrase,2.20,Enabled,,,
VCX - Private - Auto Purchase,Pre-purchase help,used car buying help,Phrase,2.20,Enabled,,,
VCX - Private - Auto Purchase,Pre-purchase help,paperwork before buying car,Phrase,2.20,Enabled,,,
